{
  "_meta": {
    "template_version": 0
  },
  "fixtures": [
    {
      "name": "payment_intent",
      "path": "/v1/payment_intents",
      "method": "post",
      "params": {
        "amount": 100,
        "currency": "usd",
        "payment_method_types": ["card"],
        "payment_method": "pm_card_visa",
        "confirm": true,
        "description": "(created by Stripe CLI)"
      }
    },
    {
      "name": "refund",
      "path": "/v1/refunds",
      "method": "post",
      "params": {
        "payment_intent": "${payment_intent:id}"
      }
    },
    {
      "name": "updated_refund",
      "path": "/v1/refunds/${refund:id}",
      "method": "post",
      "params": {
        "metadata": {"order_id": "6735"}
      }
    }
  ]
}
