{
  "_meta": {
    "template_version": 0
  },
  "fixtures": [
    {
      "name": "payment_intent",
      "path": "/v1/payment_intents",
      "method": "post",
      "params": {
        "amount": 100,
        "currency": "usd",
        "payment_method_types": ["card"],
        "payment_method": "pm_card_createDisputeInquiry",
        "confirm": true,
        "description": "(created by Stripe CLI)"
      }
    },
    {
      "name": "disputes_list",
      "path": "/v1/disputes",
      "method": "get",
      "params": {
        "payment_intent": "${payment_intent:id}"
      }
    },
    {
      "name": "disputes_update",
      "path": "/v1/disputes/${disputes_list:data.0.id}",
      "method": "post",
      "params": {
        "metadata": {
          "foo": "bar"
        }
      }
    }
  ]
}
