{
  "_meta": {
    "template_version": 0
  },
  "fixtures": [
    {
      "name": "customer",
      "path": "/v1/customers",
      "method": "post",
      "params": {
        "description": "(created by Stripe CLI)"
      }
    },
    {
      "name": "invoiceitem",
      "path": "/v1/invoiceitems",
      "method": "post",
      "params": {
        "amount": 2000,
        "currency": "usd",
        "customer": "${customer:id}",
        "description": "(created by Stripe CLI)"
      }
    },
    {
      "name": "invoice",
      "path": "/v1/invoices",
      "method": "post",
      "params": {
        "customer": "${customer:id}",
        "description": "(created by Stripe CLI)",
        "pending_invoice_items_behavior": "include"
      }
    },
    {
      "name": "invoice_finalized",
      "path": "/v1/invoices/${invoice:id}/finalize",
      "method": "post"
    },
    {
      "name": "credit_note",
      "path": "/v1/credit_notes",
      "method": "post",
      "params": {
        "invoice": "${invoice:id}",
        "lines": [{
          "type": "custom_line_item",
          "unit_amount": 1000,
          "quantity": 1,
          "description": "(created by Stripe CLI)"
        }]
      }
    }
  ]
}
